<?xml version='1.0' encoding='UTF-8' standalone='no'?>
<doxygen xmlns:xsi="http://www.w3.org/2001/XMLSchema-instance" xsi:noNamespaceSchemaLocation="compound.xsd" version="1.8.11">
  <compounddef id="_read_me_8txt" kind="file" language="C++">
    <compoundname>ReadMe.txt</compoundname>
    <briefdescription>
    </briefdescription>
    <detaileddescription>
    </detaileddescription>
    <programlisting>
<codeline lineno="1"><highlight class="normal"><sp/><sp/><sp/><sp/><sp/><sp/><sp/><sp/><sp/><sp/><sp/><sp/><sp/><sp/><sp/><sp/><sp/><sp/><sp/><sp/>Readme<sp/>File<sp/></highlight><highlight class="keywordflow">for</highlight><highlight class="normal"><sp/>Chat<sp/>Server<sp/>and<sp/>Client<sp/>Sytem</highlight></codeline>
<codeline lineno="2"><highlight class="normal"></highlight><highlight class="comment"></highlight></codeline>
<codeline lineno="3"><highlight class="comment">/**---------------------------------------------------------------------------</highlight></codeline>
<codeline lineno="4"><highlight class="comment">*<sp/>File:<sp/>Makefile</highlight></codeline>
<codeline lineno="5"><highlight class="comment">*</highlight></codeline>
<codeline lineno="6"><highlight class="comment">*<sp/>Purpose:<sp/>to<sp/>compile<sp/>the<sp/>server<sp/>and<sp/>client<sp/>programs</highlight></codeline>
<codeline lineno="7"><highlight class="comment">*</highlight></codeline>
<codeline lineno="8"><highlight class="comment">*<sp/>Usage:<sp/></highlight></codeline>
<codeline lineno="9"><highlight class="comment">*<sp/>(1)<sp/>&quot;make&quot;<sp/>command<sp/>will<sp/>compile<sp/>the<sp/>server<sp/>and<sp/>client<sp/>programs<sp/>and<sp/>creates<sp/>object<sp/>files<sp/>seperately<sp/>in<sp/><sp/>&quot;exe&quot;<sp/>folder</highlight></codeline>
<codeline lineno="10"><highlight class="comment">*<sp/>(2)<sp/>&quot;make<sp/>clean&quot;<sp/>will<sp/>delete<sp/>object<sp/>files<sp/>and<sp/>all<sp/>the<sp/>support<sp/>files<sp/>for<sp/>the<sp/>server</highlight></codeline>
<codeline lineno="11"><highlight class="comment">*<sp/></highlight></codeline>
<codeline lineno="12"><highlight class="comment">*------------------------------------------------------------------------------</highlight></codeline>
<codeline lineno="13"><highlight class="comment">*/</highlight><highlight class="normal"></highlight></codeline>
<codeline lineno="14"><highlight class="normal"></highlight></codeline>
<codeline lineno="15"><highlight class="normal"></highlight><highlight class="comment"></highlight></codeline>
<codeline lineno="16"><highlight class="comment">/**---------------------------------------------------------------------------</highlight></codeline>
<codeline lineno="17"><highlight class="comment">*<sp/>Program:<sp/>server</highlight></codeline>
<codeline lineno="18"><highlight class="comment">*</highlight></codeline>
<codeline lineno="19"><highlight class="comment">*<sp/>Purpose:<sp/>allocate<sp/>a<sp/>socket<sp/>and<sp/>then<sp/>repeatedly<sp/>execute<sp/>the<sp/>following:</highlight></codeline>
<codeline lineno="20"><highlight class="comment">*<sp/>(1)<sp/>establish<sp/>connections<sp/>to<sp/>clients<sp/>as<sp/>per<sp/>the<sp/>listen<sp/>queue</highlight></codeline>
<codeline lineno="21"><highlight class="comment">*<sp/>(2)<sp/>receive<sp/>a<sp/>short<sp/>message<sp/>from<sp/>the<sp/>client<sp/></highlight></codeline>
<codeline lineno="22"><highlight class="comment">*<sp/>(3)<sp/>extract<sp/>to<sp/>whom<sp/>that<sp/>message<sp/>has<sp/>to<sp/>be<sp/>delivered</highlight></codeline>
<codeline lineno="23"><highlight class="comment">*<sp/>(4)<sp/>send<sp/>that<sp/>message<sp/>to<sp/>that<sp/>particular<sp/>recipient</highlight></codeline>
<codeline lineno="24"><highlight class="comment">*<sp/>(5)<sp/>handle<sp/>errors,<sp/>if<sp/>user<sp/>types<sp/>message<sp/>in<sp/>wrong<sp/>format</highlight></codeline>
<codeline lineno="25"><highlight class="comment">*</highlight></codeline>
<codeline lineno="26"><highlight class="comment">*<sp/>Syntax:<sp/>./server</highlight></codeline>
<codeline lineno="27"><highlight class="comment">*</highlight></codeline>
<codeline lineno="28"><highlight class="comment">*<sp/>NOTE:<sp/></highlight></codeline>
<codeline lineno="29"><highlight class="comment">*<sp/>(1)<sp/>database.txt<sp/>will<sp/>be<sp/>created<sp/>for<sp/>successful<sp/>signup<sp/>of<sp/>clients<sp/></highlight></codeline>
<codeline lineno="30"><highlight class="comment">*<sp/>(2)<sp/>message<sp/>logs<sp/>will<sp/>be<sp/>created<sp/>in<sp/>the<sp/>name<sp/>of<sp/>corresponding<sp/>clients</highlight></codeline>
<codeline lineno="31"><highlight class="comment">*<sp/>(3)<sp/>buffer<sp/>file<sp/>will<sp/>be<sp/>created<sp/>if<sp/>the<sp/>client<sp/>sends<sp/>messages<sp/>to<sp/>inactive<sp/>client,<sp/>he/she<sp/>will<sp/>receive<sp/>the<sp/>messages<sp/>once<sp/>he<sp/>becomes<sp/>active<sp/>and<sp/><sp/><sp/><sp/><sp/><sp/><sp/>corresponding<sp/>buffer<sp/>file<sp/>will<sp/>be<sp/>deleted</highlight></codeline>
<codeline lineno="32"><highlight class="comment">*------------------------------------------------------------------------------</highlight></codeline>
<codeline lineno="33"><highlight class="comment">*/</highlight><highlight class="normal"></highlight></codeline>
<codeline lineno="34"><highlight class="normal"></highlight></codeline>
<codeline lineno="35"><highlight class="normal"></highlight><highlight class="comment"></highlight></codeline>
<codeline lineno="36"><highlight class="comment">/**-----------------------------------------------------------------------------</highlight></codeline>
<codeline lineno="37"><highlight class="comment">*<sp/>Program:<sp/>client</highlight></codeline>
<codeline lineno="38"><highlight class="comment">*</highlight></codeline>
<codeline lineno="39"><highlight class="comment">*<sp/>Purpose:<sp/>allocate<sp/>a<sp/>socket,<sp/>connect<sp/>to<sp/>a<sp/>server,<sp/>and<sp/>print<sp/>all<sp/>output</highlight></codeline>
<codeline lineno="40"><highlight class="comment">*<sp/></highlight></codeline>
<codeline lineno="41"><highlight class="comment">*<sp/>Syntax<sp/>for<sp/>executing:<sp/>./client<sp/>&lt;server_ipaddress&gt;</highlight></codeline>
<codeline lineno="42"><highlight class="comment">*<sp/>Example:<sp/>./client<sp/>127.0.0.1</highlight></codeline>
<codeline lineno="43"><highlight class="comment">*</highlight></codeline>
<codeline lineno="44"><highlight class="comment">*<sp/>server_ipaddress<sp/>-<sp/>mention<sp/>your<sp/>system<sp/>ip<sp/>on<sp/>which<sp/>your<sp/>server<sp/>code<sp/>is<sp/>running</highlight></codeline>
<codeline lineno="45"><highlight class="comment">*</highlight></codeline>
<codeline lineno="46"><highlight class="comment">*<sp/>Syntax<sp/>to<sp/>send<sp/>messages,<sp/>to<sp/>display<sp/>active<sp/>clients<sp/>and<sp/>log<sp/>messages:</highlight></codeline>
<codeline lineno="47"><highlight class="comment">*<sp/>(1)<sp/>all:&lt;type<sp/>your<sp/>message&gt;</highlight></codeline>
<codeline lineno="48"><highlight class="comment">*<sp/>Example:<sp/>all:hello<sp/>world<sp/>(&quot;hello<sp/>world&quot;<sp/>message<sp/>will<sp/>be<sp/>received<sp/>by<sp/>all<sp/>active<sp/>clients&quot;)</highlight></codeline>
<codeline lineno="49"><highlight class="comment">*</highlight></codeline>
<codeline lineno="50"><highlight class="comment">*<sp/>(2)<sp/>client_name:&lt;type<sp/>your<sp/>message&gt;</highlight></codeline>
<codeline lineno="51"><highlight class="comment">*<sp/>Example:<sp/>kishore:hi<sp/>kishore<sp/>(&quot;hi<sp/>kishore&quot;<sp/>message<sp/>will<sp/>be<sp/>send<sp/>to<sp/>the<sp/>client<sp/>kishore)</highlight></codeline>
<codeline lineno="52"><highlight class="comment">*</highlight></codeline>
<codeline lineno="53"><highlight class="comment">*<sp/>(3)<sp/>active:clients</highlight></codeline>
<codeline lineno="54"><highlight class="comment">*<sp/>Example:<sp/>active:clients<sp/>(all<sp/>the<sp/>active<sp/>clients<sp/>will<sp/>be<sp/>displayed)</highlight></codeline>
<codeline lineno="55"><highlight class="comment">*</highlight></codeline>
<codeline lineno="56"><highlight class="comment">*<sp/>(4)<sp/>logs:client</highlight></codeline>
<codeline lineno="57"><highlight class="comment">*<sp/>Example:<sp/>logs:bala<sp/>(log<sp/>messages<sp/>of<sp/>bala<sp/>will<sp/>be<sp/>displayed)</highlight></codeline>
<codeline lineno="58"><highlight class="comment">*</highlight></codeline>
<codeline lineno="59"><highlight class="comment">*<sp/>NOTE:<sp/>enter<sp/>&quot;quit&quot;<sp/>to<sp/>close<sp/>his/her<sp/>connection</highlight></codeline>
<codeline lineno="60"><highlight class="comment">*</highlight></codeline>
<codeline lineno="61"><highlight class="comment">*<sp/>DONT&apos;s:<sp/>client<sp/>will<sp/>be<sp/>closed<sp/>with<sp/>corresponding<sp/>error<sp/>messages<sp/>if<sp/>anyone<sp/>of<sp/>the<sp/>following<sp/>scenarios<sp/>happened</highlight></codeline>
<codeline lineno="62"><highlight class="comment">*<sp/>(1)<sp/>During<sp/>signup,<sp/>if<sp/>the<sp/>client<sp/>types<sp/>the<sp/>name<sp/>which<sp/>already<sp/>exists<sp/>in<sp/>the<sp/>server<sp/>database</highlight></codeline>
<codeline lineno="63"><highlight class="comment">*<sp/>(2)<sp/>During<sp/>signup,<sp/>if<sp/>the<sp/>password<sp/>and<sp/>confirm<sp/>password<sp/>doesn&apos;t<sp/>match</highlight></codeline>
<codeline lineno="64"><highlight class="comment">*<sp/>(3)<sp/>During<sp/>login,<sp/>if<sp/>the<sp/>user<sp/>tries<sp/>to<sp/>login<sp/>without<sp/>signup</highlight></codeline>
<codeline lineno="65"><highlight class="comment">*<sp/>(4)<sp/>During<sp/>login,<sp/>if<sp/>the<sp/>username<sp/>and<sp/>password<sp/>doesn&apos;t<sp/>match</highlight></codeline>
<codeline lineno="66"><highlight class="comment">*<sp/>(5)<sp/>If<sp/>the<sp/>user<sp/>forcefully<sp/>quits<sp/>his/her<sp/>session<sp/>by<sp/>typing<sp/>&quot;quit&quot;<sp/>or<sp/>by<sp/>pressing<sp/>ctrl+c</highlight></codeline>
<codeline lineno="67"><highlight class="comment">*</highlight></codeline>
<codeline lineno="68"><highlight class="comment">*---------------------------------------------------------------------------</highlight></codeline>
<codeline lineno="69"><highlight class="comment">*/</highlight><highlight class="normal"></highlight></codeline>
    </programlisting>
    <location file="programs/ReadMe.txt"/>
  </compounddef>
</doxygen>
