<?xml version='1.0' encoding='UTF-8' standalone='no'?>
<doxygen xmlns:xsi="http://www.w3.org/2001/XMLSchema-instance" xsi:noNamespaceSchemaLocation="compound.xsd" version="1.8.11">
  <compounddef id="dir_7b0a5d1507c7f681cbfa1deb5990c6ea" kind="dir">
    <compoundname>programs</compoundname>
    <innerfile refid="client_8c">client.c</innerfile>
    <innerfile refid="header_8h">header.h</innerfile>
    <innerfile refid="server_8c">server.c</innerfile>
    <briefdescription>
    </briefdescription>
    <detaileddescription>
    </detaileddescription>
    <location file="programs/"/>
  </compounddef>
</doxygen>
