<?xml version='1.0' encoding='UTF-8' standalone='no'?>
<doxygen xmlns:xsi="http://www.w3.org/2001/XMLSchema-instance" xsi:noNamespaceSchemaLocation="compound.xsd" version="1.8.11">
  <compounddef id="header_8h" kind="file" language="C++">
    <compoundname>header.h</compoundname>
    <includes local="no">ncurses.h</includes>
    <includes local="no">stdlib.h</includes>
    <includes local="no">string.h</includes>
    <includes local="no">unistd.h</includes>
    <includes local="no">sys/types.h</includes>
    <includes local="no">sys/socket.h</includes>
    <includes local="no">netinet/in.h</includes>
    <includes local="no">arpa/inet.h</includes>
    <includes local="no">netdb.h</includes>
    <includes local="no">errno.h</includes>
    <includes local="no">sys/stat.h</includes>
    <includes local="no">signal.h</includes>
    <includedby refid="client_8c" local="yes">programs/client.c</includedby>
    <includedby refid="server_8c" local="yes">programs/server.c</includedby>
    <incdepgraph>
      <node id="74">
        <label>sys/stat.h</label>
      </node>
      <node id="70">
        <label>netinet/in.h</label>
      </node>
      <node id="71">
        <label>arpa/inet.h</label>
      </node>
      <node id="65">
        <label>stdlib.h</label>
      </node>
      <node id="73">
        <label>errno.h</label>
      </node>
      <node id="63">
        <label>programs/header.h</label>
        <link refid="header.h"/>
        <childnode refid="64" relation="include">
        </childnode>
        <childnode refid="65" relation="include">
        </childnode>
        <childnode refid="66" relation="include">
        </childnode>
        <childnode refid="67" relation="include">
        </childnode>
        <childnode refid="68" relation="include">
        </childnode>
        <childnode refid="69" relation="include">
        </childnode>
        <childnode refid="70" relation="include">
        </childnode>
        <childnode refid="71" relation="include">
        </childnode>
        <childnode refid="72" relation="include">
        </childnode>
        <childnode refid="73" relation="include">
        </childnode>
        <childnode refid="74" relation="include">
        </childnode>
        <childnode refid="75" relation="include">
        </childnode>
      </node>
      <node id="72">
        <label>netdb.h</label>
      </node>
      <node id="68">
        <label>sys/types.h</label>
      </node>
      <node id="66">
        <label>string.h</label>
      </node>
      <node id="67">
        <label>unistd.h</label>
      </node>
      <node id="75">
        <label>signal.h</label>
      </node>
      <node id="64">
        <label>ncurses.h</label>
      </node>
      <node id="69">
        <label>sys/socket.h</label>
      </node>
    </incdepgraph>
    <invincdepgraph>
      <node id="77">
        <label>programs/client.c</label>
        <link refid="client_8c"/>
      </node>
      <node id="78">
        <label>programs/server.c</label>
        <link refid="server_8c"/>
      </node>
      <node id="76">
        <label>programs/header.h</label>
        <link refid="header.h"/>
        <childnode refid="77" relation="include">
        </childnode>
        <childnode refid="78" relation="include">
        </childnode>
      </node>
    </invincdepgraph>
    <innerclass refid="structdatabase" prot="public">database</innerclass>
      <sectiondef kind="define">
      <memberdef kind="define" id="header_8h_1a614217d263be1fb1a5f76e2ff7be19a2" prot="public" static="no">
        <name>PORT</name>
        <initializer>4950</initializer>
        <briefdescription>
        </briefdescription>
        <detaileddescription>
        </detaileddescription>
        <inbodydescription>
        </inbodydescription>
        <location file="programs/header.h" line="14" column="9" bodyfile="programs/header.h" bodystart="14" bodyend="-1"/>
      </memberdef>
      <memberdef kind="define" id="header_8h_1aeca034f67218340ecb2261a22c2f3dcd" prot="public" static="no">
        <name>BUFSIZE</name>
        <initializer>1024</initializer>
        <briefdescription>
        </briefdescription>
        <detaileddescription>
        </detaileddescription>
        <inbodydescription>
        </inbodydescription>
        <location file="programs/header.h" line="15" column="9" bodyfile="programs/header.h" bodystart="15" bodyend="-1"/>
      </memberdef>
      <memberdef kind="define" id="header_8h_1a8e4efcf2b8b9003bdbb2c2125302c8b6" prot="public" static="no">
        <name>NUM_CLIENT</name>
        <initializer>10</initializer>
        <briefdescription>
        </briefdescription>
        <detaileddescription>
        </detaileddescription>
        <inbodydescription>
        </inbodydescription>
        <location file="programs/header.h" line="16" column="9" bodyfile="programs/header.h" bodystart="16" bodyend="-1"/>
      </memberdef>
      </sectiondef>
      <sectiondef kind="var">
      <memberdef kind="variable" id="header_8h_1ab80867be16adc714c5374a7d223bfce8" prot="public" static="no" mutable="no">
        <type>char</type>
        <definition>char signup_password[60]</definition>
        <argsstring>[60]</argsstring>
        <name>signup_password</name>
        <initializer>=&quot;password and retype password doesn&apos;t match&quot;</initializer>
        <briefdescription>
        </briefdescription>
        <detaileddescription>
<para>following declarations for displaying error messages to client </para>        </detaileddescription>
        <inbodydescription>
        </inbodydescription>
        <location file="programs/header.h" line="19" column="1" bodyfile="programs/header.h" bodystart="19" bodyend="-1"/>
      </memberdef>
      <memberdef kind="variable" id="header_8h_1aeb256a8f2e88c60e5fb476a2e3b45c2c" prot="public" static="no" mutable="no">
        <type>char</type>
        <definition>char login_user_error[25]</definition>
        <argsstring>[25]</argsstring>
        <name>login_user_error</name>
        <initializer>=&quot;no_such_client&quot;</initializer>
        <briefdescription>
        </briefdescription>
        <detaileddescription>
        </detaileddescription>
        <inbodydescription>
        </inbodydescription>
        <location file="programs/header.h" line="20" column="1" bodyfile="programs/header.h" bodystart="20" bodyend="-1"/>
      </memberdef>
      <memberdef kind="variable" id="header_8h_1a208f9a0dd6e61dac19db9382642b8cbc" prot="public" static="no" mutable="no">
        <type>char</type>
        <definition>char invalid_credentials[25]</definition>
        <argsstring>[25]</argsstring>
        <name>invalid_credentials</name>
        <initializer>=&quot;invalid_credentials&quot;</initializer>
        <briefdescription>
        </briefdescription>
        <detaileddescription>
        </detaileddescription>
        <inbodydescription>
        </inbodydescription>
        <location file="programs/header.h" line="21" column="1" bodyfile="programs/header.h" bodystart="21" bodyend="-1"/>
      </memberdef>
      <memberdef kind="variable" id="header_8h_1a1daf84ff37c7c7378701da074a59ff27" prot="public" static="no" mutable="no">
        <type>char</type>
        <definition>char user_exist[25]</definition>
        <argsstring>[25]</argsstring>
        <name>user_exist</name>
        <initializer>=&quot;user already exist&quot;</initializer>
        <briefdescription>
        </briefdescription>
        <detaileddescription>
        </detaileddescription>
        <inbodydescription>
        </inbodydescription>
        <location file="programs/header.h" line="22" column="1" bodyfile="programs/header.h" bodystart="22" bodyend="-1"/>
      </memberdef>
      <memberdef kind="variable" id="header_8h_1af1e2b8c369d2005220d9a39fbec99c9a" prot="public" static="no" mutable="no">
        <type>char</type>
        <definition>char alright[25]</definition>
        <argsstring>[25]</argsstring>
        <name>alright</name>
        <initializer>=&quot;alright&quot;</initializer>
        <briefdescription>
        </briefdescription>
        <detaileddescription>
        </detaileddescription>
        <inbodydescription>
        </inbodydescription>
        <location file="programs/header.h" line="23" column="1" bodyfile="programs/header.h" bodystart="23" bodyend="-1"/>
      </memberdef>
      <memberdef kind="variable" id="header_8h_1a1dea4edacf67f3ac6ce666dccd98f20f" prot="public" static="no" mutable="no">
        <type>char</type>
        <definition>char okay[25]</definition>
        <argsstring>[25]</argsstring>
        <name>okay</name>
        <initializer>= &quot;ok&quot;</initializer>
        <briefdescription>
        </briefdescription>
        <detaileddescription>
        </detaileddescription>
        <inbodydescription>
        </inbodydescription>
        <location file="programs/header.h" line="24" column="1" bodyfile="programs/header.h" bodystart="24" bodyend="-1"/>
      </memberdef>
      <memberdef kind="variable" id="header_8h_1a0cbe99b3212e675db01075bf3e5de111" prot="public" static="no" mutable="no">
        <type>struct <ref refid="structdatabase" kindref="compound">database</ref></type>
        <definition>struct database db[50]</definition>
        <argsstring>[50]</argsstring>
        <name>db</name>
        <briefdescription>
        </briefdescription>
        <detaileddescription>
        </detaileddescription>
        <inbodydescription>
        </inbodydescription>
        <location file="programs/header.h" line="39" column="1"/>
      </memberdef>
      </sectiondef>
      <sectiondef kind="func">
      <memberdef kind="function" id="header_8h_1aad9796c174f7ef5d226cd169f2520fd5" prot="public" static="no" const="no" explicit="no" inline="no" virt="non-virtual">
        <type>void</type>
        <definition>void error</definition>
        <argsstring>(char *msg)</argsstring>
        <name>error</name>
        <param>
          <type>char *</type>
          <declname>msg</declname>
        </param>
        <briefdescription>
        </briefdescription>
        <detaileddescription>
<para>Function for error message. </para>        </detaileddescription>
        <inbodydescription>
        </inbodydescription>
        <location file="programs/header.h" line="27" column="1" bodyfile="programs/header.h" bodystart="27" bodyend="32"/>
      </memberdef>
      </sectiondef>
    <briefdescription>
    </briefdescription>
    <detaileddescription>
    </detaileddescription>
    <programlisting>
<codeline lineno="1"><highlight class="preprocessor">#include<sp/>&lt;ncurses.h&gt;</highlight><highlight class="normal"><sp/><sp/><sp/><sp/><sp/><sp/><sp/><sp/><sp/><sp/><sp/><sp/><sp/><sp/><sp/><sp/></highlight><highlight class="comment">/*<sp/>header<sp/>file<sp/>for<sp/>standard<sp/>input<sp/>and<sp/>output<sp/>operations<sp/>and<sp/>GUI<sp/>applications.<sp/>*/</highlight><highlight class="normal"></highlight></codeline>
<codeline lineno="2"><highlight class="normal"></highlight><highlight class="preprocessor">#include<sp/>&lt;stdlib.h&gt;</highlight><highlight class="normal"><sp/><sp/><sp/><sp/><sp/><sp/><sp/><sp/><sp/><sp/><sp/><sp/><sp/></highlight><highlight class="comment">/*<sp/>header<sp/>file<sp/>for<sp/>using<sp/>memory<sp/>related<sp/>functions.<sp/>*/</highlight><highlight class="normal"></highlight></codeline>
<codeline lineno="3"><highlight class="normal"></highlight><highlight class="preprocessor">#include<sp/>&lt;string.h&gt;</highlight><highlight class="normal"><sp/><sp/><sp/><sp/><sp/><sp/><sp/><sp/><sp/><sp/><sp/><sp/><sp/></highlight><highlight class="comment">/*<sp/>header<sp/>file<sp/>for<sp/>string<sp/>operations.<sp/>*/</highlight><highlight class="normal"></highlight></codeline>
<codeline lineno="4"><highlight class="normal"></highlight><highlight class="preprocessor">#include<sp/>&lt;unistd.h&gt;</highlight><highlight class="normal"><sp/><sp/><sp/><sp/><sp/><sp/><sp/><sp/><sp/><sp/><sp/><sp/><sp/></highlight><highlight class="comment">/*<sp/>header<sp/>file<sp/>for<sp/>miscellaneous<sp/>symbolic<sp/>constants<sp/>and<sp/>types<sp/>*/</highlight><highlight class="normal"></highlight></codeline>
<codeline lineno="5"><highlight class="normal"></highlight><highlight class="preprocessor">#include<sp/>&lt;sys/types.h&gt;</highlight><highlight class="normal"><sp/><sp/><sp/><sp/><sp/><sp/><sp/><sp/><sp/><sp/><sp/><sp/><sp/><sp/></highlight><highlight class="comment">/*<sp/>header<sp/>file<sp/>for<sp/>os<sp/>related<sp/>functions.<sp/>*/</highlight><highlight class="normal"></highlight></codeline>
<codeline lineno="6"><highlight class="normal"></highlight><highlight class="preprocessor">#include<sp/>&lt;sys/socket.h&gt;</highlight><highlight class="normal"><sp/><sp/><sp/><sp/><sp/><sp/><sp/><sp/><sp/><sp/><sp/><sp/><sp/></highlight><highlight class="comment">/*<sp/>header<sp/>file<sp/>for<sp/>socket<sp/>related<sp/>functions.<sp/>*/</highlight><highlight class="normal"></highlight></codeline>
<codeline lineno="7"><highlight class="normal"></highlight><highlight class="preprocessor">#include<sp/>&lt;netinet/in.h&gt;</highlight><highlight class="normal"><sp/><sp/><sp/><sp/><sp/><sp/><sp/><sp/><sp/><sp/><sp/><sp/><sp/></highlight><highlight class="comment">/*<sp/>header<sp/>file<sp/>for<sp/>constants<sp/>and<sp/>structures<sp/>needed<sp/>for<sp/>internet<sp/>domain<sp/>addresses<sp/>*/</highlight><highlight class="normal"></highlight></codeline>
<codeline lineno="8"><highlight class="normal"></highlight><highlight class="preprocessor">#include<sp/>&lt;arpa/inet.h&gt;</highlight><highlight class="normal"><sp/><sp/><sp/><sp/><sp/><sp/><sp/><sp/><sp/><sp/><sp/><sp/><sp/><sp/></highlight><highlight class="comment">/*<sp/>header<sp/>file<sp/>contains<sp/>definitions<sp/>for<sp/>internet<sp/>operations<sp/>*/</highlight><highlight class="normal"></highlight></codeline>
<codeline lineno="9"><highlight class="normal"></highlight><highlight class="preprocessor">#include<sp/>&lt;netdb.h&gt;</highlight><highlight class="normal"><sp/><sp/><sp/><sp/><sp/><sp/><sp/><sp/><sp/><sp/><sp/><sp/><sp/><sp/></highlight><highlight class="comment">/*<sp/>header<sp/>file<sp/>for<sp/>network<sp/>database<sp/>operations.<sp/>*/</highlight><highlight class="normal"></highlight></codeline>
<codeline lineno="10"><highlight class="normal"></highlight><highlight class="preprocessor">#include<sp/>&lt;errno.h&gt;</highlight><highlight class="normal"><sp/><sp/><sp/><sp/><sp/><sp/><sp/><sp/><sp/><sp/><sp/><sp/><sp/><sp/></highlight><highlight class="comment">/*<sp/>header<sp/>file<sp/>for<sp/>displaying<sp/>error<sp/>number.<sp/>*/</highlight><highlight class="normal"></highlight></codeline>
<codeline lineno="11"><highlight class="normal"></highlight><highlight class="preprocessor">#include<sp/>&lt;sys/stat.h&gt;</highlight><highlight class="normal"><sp/><sp/><sp/><sp/><sp/><sp/><sp/><sp/><sp/><sp/><sp/><sp/><sp/><sp/><sp/></highlight><highlight class="comment">/*<sp/>header<sp/>file<sp/>for<sp/>structure<sp/>of<sp/>the<sp/>data<sp/>returned<sp/>by<sp/>stat()<sp/>*/</highlight><highlight class="normal"></highlight></codeline>
<codeline lineno="12"><highlight class="normal"></highlight><highlight class="preprocessor">#include<sp/>&lt;signal.h&gt;</highlight><highlight class="normal"><sp/><sp/><sp/><sp/><sp/><sp/><sp/><sp/><sp/><sp/><sp/><sp/><sp/></highlight><highlight class="comment">/*<sp/>header<sp/>file<sp/>for<sp/>dealing<sp/>with<sp/>signals.<sp/>*/</highlight><highlight class="normal"></highlight></codeline>
<codeline lineno="13"><highlight class="normal"></highlight></codeline>
<codeline lineno="14" refid="header_8h_1a614217d263be1fb1a5f76e2ff7be19a2" refkind="member"><highlight class="normal"></highlight><highlight class="preprocessor">#define<sp/>PORT<sp/>4950</highlight><highlight class="normal"></highlight></codeline>
<codeline lineno="15" refid="header_8h_1aeca034f67218340ecb2261a22c2f3dcd" refkind="member"><highlight class="normal"></highlight><highlight class="preprocessor">#define<sp/>BUFSIZE<sp/>1024</highlight><highlight class="normal"></highlight></codeline>
<codeline lineno="16" refid="header_8h_1a8e4efcf2b8b9003bdbb2c2125302c8b6" refkind="member"><highlight class="normal"></highlight><highlight class="preprocessor">#define<sp/>NUM_CLIENT<sp/>10</highlight><highlight class="normal"></highlight></codeline>
<codeline lineno="17"><highlight class="normal"></highlight><highlight class="comment"></highlight></codeline>
<codeline lineno="18"><highlight class="comment">/**<sp/>following<sp/>declarations<sp/>for<sp/>displaying<sp/>error<sp/>messages<sp/>to<sp/>client<sp/>*/</highlight><highlight class="normal"></highlight></codeline>
<codeline lineno="19" refid="header_8h_1ab80867be16adc714c5374a7d223bfce8" refkind="member"><highlight class="normal"></highlight><highlight class="keywordtype">char</highlight><highlight class="normal"><sp/><ref refid="header_8h_1ab80867be16adc714c5374a7d223bfce8" kindref="member">signup_password</ref>[60]=</highlight><highlight class="stringliteral">&quot;password<sp/>and<sp/>retype<sp/>password<sp/>doesn&apos;t<sp/>match&quot;</highlight><highlight class="normal">;</highlight></codeline>
<codeline lineno="20" refid="header_8h_1aeb256a8f2e88c60e5fb476a2e3b45c2c" refkind="member"><highlight class="normal"></highlight><highlight class="keywordtype">char</highlight><highlight class="normal"><sp/><ref refid="header_8h_1aeb256a8f2e88c60e5fb476a2e3b45c2c" kindref="member">login_user_error</ref>[25]=</highlight><highlight class="stringliteral">&quot;no_such_client&quot;</highlight><highlight class="normal">;</highlight></codeline>
<codeline lineno="21" refid="header_8h_1a208f9a0dd6e61dac19db9382642b8cbc" refkind="member"><highlight class="normal"></highlight><highlight class="keywordtype">char</highlight><highlight class="normal"><sp/><ref refid="header_8h_1a208f9a0dd6e61dac19db9382642b8cbc" kindref="member">invalid_credentials</ref>[25]=</highlight><highlight class="stringliteral">&quot;invalid_credentials&quot;</highlight><highlight class="normal">;</highlight></codeline>
<codeline lineno="22" refid="header_8h_1a1daf84ff37c7c7378701da074a59ff27" refkind="member"><highlight class="normal"></highlight><highlight class="keywordtype">char</highlight><highlight class="normal"><sp/><ref refid="header_8h_1a1daf84ff37c7c7378701da074a59ff27" kindref="member">user_exist</ref>[25]=</highlight><highlight class="stringliteral">&quot;user<sp/>already<sp/>exist&quot;</highlight><highlight class="normal">;</highlight></codeline>
<codeline lineno="23" refid="header_8h_1af1e2b8c369d2005220d9a39fbec99c9a" refkind="member"><highlight class="normal"></highlight><highlight class="keywordtype">char</highlight><highlight class="normal"><sp/><ref refid="header_8h_1af1e2b8c369d2005220d9a39fbec99c9a" kindref="member">alright</ref>[25]=</highlight><highlight class="stringliteral">&quot;alright&quot;</highlight><highlight class="normal">;</highlight></codeline>
<codeline lineno="24" refid="header_8h_1a1dea4edacf67f3ac6ce666dccd98f20f" refkind="member"><highlight class="normal"></highlight><highlight class="keywordtype">char</highlight><highlight class="normal"><sp/><ref refid="header_8h_1a1dea4edacf67f3ac6ce666dccd98f20f" kindref="member">okay</ref>[25]<sp/>=<sp/></highlight><highlight class="stringliteral">&quot;ok&quot;</highlight><highlight class="normal">;<sp/><sp/><sp/></highlight></codeline>
<codeline lineno="25"><highlight class="normal"></highlight><highlight class="comment"></highlight></codeline>
<codeline lineno="26"><highlight class="comment">/*!<sp/>Function<sp/>for<sp/>error<sp/>message.<sp/>*/</highlight><highlight class="normal"></highlight></codeline>
<codeline lineno="27" refid="header_8h_1aad9796c174f7ef5d226cd169f2520fd5" refkind="member"><highlight class="normal"></highlight><highlight class="keywordtype">void</highlight><highlight class="normal"><sp/><ref refid="header_8h_1aad9796c174f7ef5d226cd169f2520fd5" kindref="member">error</ref>(</highlight><highlight class="keywordtype">char</highlight><highlight class="normal"><sp/>*msg)</highlight></codeline>
<codeline lineno="28"><highlight class="normal">{</highlight></codeline>
<codeline lineno="29"><highlight class="normal"><sp/><sp/><sp/><sp/>perror(msg);</highlight></codeline>
<codeline lineno="30"><highlight class="normal"><sp/><sp/><sp/><sp/>printf<sp/>(</highlight><highlight class="stringliteral">&quot;Error<sp/>%d<sp/>:<sp/>%s<sp/>\n&quot;</highlight><highlight class="normal">,<sp/>errno,<sp/>strerror(errno));</highlight></codeline>
<codeline lineno="31"><highlight class="normal"><sp/><sp/><sp/><sp/>exit(1);</highlight></codeline>
<codeline lineno="32"><highlight class="normal">}</highlight></codeline>
<codeline lineno="33"><highlight class="normal"></highlight></codeline>
<codeline lineno="34" refid="structdatabase" refkind="compound"><highlight class="normal"></highlight><highlight class="keyword">struct<sp/></highlight><highlight class="normal"><ref refid="structdatabase" kindref="compound">database</ref></highlight></codeline>
<codeline lineno="35"><highlight class="normal">{</highlight></codeline>
<codeline lineno="36" refid="structdatabase_1adcd79dabf165c46577baa01e0a363078" refkind="member"><highlight class="normal"><sp/></highlight><highlight class="keywordtype">int</highlight><highlight class="normal"><sp/><ref refid="structdatabase_1adcd79dabf165c46577baa01e0a363078" kindref="member">client_sockfd</ref>;<sp/><sp/><sp/><sp/><sp/><sp/><sp/><sp/><sp/></highlight><highlight class="comment">/**&lt;<sp/>structure<sp/>member<sp/>client<sp/>id<sp/>*/</highlight><highlight class="normal"></highlight></codeline>
<codeline lineno="37" refid="structdatabase_1aa45d2d09106d609bba99dd652778f887" refkind="member"><highlight class="normal"><sp/></highlight><highlight class="keywordtype">char</highlight><highlight class="normal"><sp/><ref refid="structdatabase_1aa45d2d09106d609bba99dd652778f887" kindref="member">user_name</ref>[20];<sp/><sp/><sp/><sp/><sp/><sp/><sp/><sp/><sp/><sp/><sp/><sp/></highlight><highlight class="comment">/**&lt;<sp/>structure<sp/>member<sp/>to<sp/>hold<sp/>client<sp/>username<sp/>*/</highlight><highlight class="normal"></highlight></codeline>
<codeline lineno="38" refid="structdatabase_1a2eeed535d18dd8e5388404feae6240db" refkind="member"><highlight class="normal"><sp/></highlight><highlight class="keywordtype">char</highlight><highlight class="normal"><sp/><ref refid="structdatabase_1a2eeed535d18dd8e5388404feae6240db" kindref="member">passwd</ref>[20];<sp/><sp/><sp/><sp/><sp/><sp/><sp/><sp/><sp/><sp/><sp/></highlight><highlight class="comment">/**&lt;<sp/>structure<sp/>member<sp/>to<sp/>hold<sp/>client<sp/>password<sp/>*/</highlight><highlight class="normal"></highlight></codeline>
<codeline lineno="39"><highlight class="normal">}<ref refid="header_8h_1a0cbe99b3212e675db01075bf3e5de111" kindref="member">db</ref>[50];</highlight></codeline>
    </programlisting>
    <location file="programs/header.h"/>
  </compounddef>
</doxygen>
