<?xml version='1.0' encoding='UTF-8' standalone='no'?>
<doxygenindex xmlns:xsi="http://www.w3.org/2001/XMLSchema-instance" xsi:noNamespaceSchemaLocation="index.xsd" version="1.8.11">
  <compound refid="structdatabase" kind="struct"><name>database</name>
    <member refid="structdatabase_1adcd79dabf165c46577baa01e0a363078" kind="variable"><name>client_sockfd</name></member>
    <member refid="structdatabase_1aa45d2d09106d609bba99dd652778f887" kind="variable"><name>user_name</name></member>
    <member refid="structdatabase_1a2eeed535d18dd8e5388404feae6240db" kind="variable"><name>passwd</name></member>
  </compound>
  <compound refid="client_8c" kind="file"><name>client.c</name>
    <member refid="client_8c_1a7dd745f88bc7c1794bd252cc29d7da90" kind="function"><name>login_signup</name></member>
    <member refid="client_8c_1ad0684a9320b57113b849c8cea524263d" kind="function"><name>connect_request</name></member>
    <member refid="client_8c_1a8bfc90b3fb9344e9caafec953baacc0b" kind="function"><name>handle_sigint</name></member>
    <member refid="client_8c_1a0ddf1224851353fc92bfbff6f499fa97" kind="function"><name>main</name></member>
  </compound>
  <compound refid="header_8h" kind="file"><name>header.h</name>
    <member refid="header_8h_1a614217d263be1fb1a5f76e2ff7be19a2" kind="define"><name>PORT</name></member>
    <member refid="header_8h_1aeca034f67218340ecb2261a22c2f3dcd" kind="define"><name>BUFSIZE</name></member>
    <member refid="header_8h_1a8e4efcf2b8b9003bdbb2c2125302c8b6" kind="define"><name>NUM_CLIENT</name></member>
    <member refid="header_8h_1ab80867be16adc714c5374a7d223bfce8" kind="variable"><name>signup_password</name></member>
    <member refid="header_8h_1aeb256a8f2e88c60e5fb476a2e3b45c2c" kind="variable"><name>login_user_error</name></member>
    <member refid="header_8h_1a208f9a0dd6e61dac19db9382642b8cbc" kind="variable"><name>invalid_credentials</name></member>
    <member refid="header_8h_1a1daf84ff37c7c7378701da074a59ff27" kind="variable"><name>user_exist</name></member>
    <member refid="header_8h_1af1e2b8c369d2005220d9a39fbec99c9a" kind="variable"><name>alright</name></member>
    <member refid="header_8h_1a1dea4edacf67f3ac6ce666dccd98f20f" kind="variable"><name>okay</name></member>
    <member refid="header_8h_1a0cbe99b3212e675db01075bf3e5de111" kind="variable"><name>db</name></member>
    <member refid="header_8h_1aad9796c174f7ef5d226cd169f2520fd5" kind="function"><name>error</name></member>
  </compound>
  <compound refid="_read_me_8txt" kind="file"><name>ReadMe.txt</name>
  </compound>
  <compound refid="server_8c" kind="file"><name>server.c</name>
    <member refid="server_8c_1a03d301b2db34e38809e91185c98c8ace" kind="function"><name>send_to_all</name></member>
    <member refid="server_8c_1a9f6c4199d926897063ff4b77a30eca97" kind="function"><name>send_recv</name></member>
    <member refid="server_8c_1afdd1dd6be1c534c0835552736c135df3" kind="function"><name>connection_accept</name></member>
    <member refid="server_8c_1a072aa95d11e58310cd8f5839acbd34a7" kind="function"><name>connect_request</name></member>
    <member refid="server_8c_1ae66f6b31b5ad750f1fe042a706a4e3d4" kind="function"><name>main</name></member>
  </compound>
  <compound refid="dir_7b0a5d1507c7f681cbfa1deb5990c6ea" kind="dir"><name>programs</name>
  </compound>
</doxygenindex>
