<?xml version='1.0' encoding='UTF-8' standalone='no'?>
<doxygen xmlns:xsi="http://www.w3.org/2001/XMLSchema-instance" xsi:noNamespaceSchemaLocation="compound.xsd" version="1.8.11">
  <compounddef id="structdatabase" kind="struct" language="C++" prot="public">
    <compoundname>database</compoundname>
    <includes refid="header_8h" local="no">header.h</includes>
      <sectiondef kind="public-attrib">
      <memberdef kind="variable" id="structdatabase_1adcd79dabf165c46577baa01e0a363078" prot="public" static="no" mutable="no">
        <type>int</type>
        <definition>int client_sockfd</definition>
        <argsstring></argsstring>
        <name>client_sockfd</name>
        <briefdescription>
        </briefdescription>
        <detaileddescription>
<para>structure member client id </para>        </detaileddescription>
        <inbodydescription>
        </inbodydescription>
        <location file="programs/header.h" line="36" column="1" bodyfile="programs/header.h" bodystart="36" bodyend="-1"/>
      </memberdef>
      <memberdef kind="variable" id="structdatabase_1aa45d2d09106d609bba99dd652778f887" prot="public" static="no" mutable="no">
        <type>char</type>
        <definition>char user_name[20]</definition>
        <argsstring>[20]</argsstring>
        <name>user_name</name>
        <briefdescription>
        </briefdescription>
        <detaileddescription>
<para>structure member to hold client username </para>        </detaileddescription>
        <inbodydescription>
        </inbodydescription>
        <location file="programs/header.h" line="37" column="1" bodyfile="programs/header.h" bodystart="37" bodyend="-1"/>
      </memberdef>
      <memberdef kind="variable" id="structdatabase_1a2eeed535d18dd8e5388404feae6240db" prot="public" static="no" mutable="no">
        <type>char</type>
        <definition>char passwd[20]</definition>
        <argsstring>[20]</argsstring>
        <name>passwd</name>
        <briefdescription>
        </briefdescription>
        <detaileddescription>
<para>structure member to hold client password </para>        </detaileddescription>
        <inbodydescription>
        </inbodydescription>
        <location file="programs/header.h" line="38" column="1" bodyfile="programs/header.h" bodystart="38" bodyend="-1"/>
      </memberdef>
      </sectiondef>
    <briefdescription>
    </briefdescription>
    <detaileddescription>
    </detaileddescription>
    <location file="programs/header.h" line="35" column="1" bodyfile="programs/header.h" bodystart="34" bodyend="39"/>
    <listofallmembers>
      <member refid="structdatabase_1adcd79dabf165c46577baa01e0a363078" prot="public" virt="non-virtual"><scope>database</scope><name>client_sockfd</name></member>
      <member refid="structdatabase_1a2eeed535d18dd8e5388404feae6240db" prot="public" virt="non-virtual"><scope>database</scope><name>passwd</name></member>
      <member refid="structdatabase_1aa45d2d09106d609bba99dd652778f887" prot="public" virt="non-virtual"><scope>database</scope><name>user_name</name></member>
    </listofallmembers>
  </compounddef>
</doxygen>
